Code,float_gauss1_core_min,float_gauss1_core_std,float_gauss2_core_min,float_gauss2_core_max,float_gauss2_core_mean,float_gauss2_core_std,float_repulsion_core_min,float_repulsion_core_max,float_repulsion_core_mean,float_repulsion_core_std,float_hydrophobic_core_max,float_hydrophobic_core_mean,float_gauss1_shell1_min,float_gauss2_shell1_max,float_gauss2_shell1_std,float_repulsion_shell1_min,float_hydrophobic_shell1_max
727,-8.758399963,0.4880623221,-56.92903137,0.8935700059,-0.147124514,2.380517006,-7.57130003,0.5123180151,-0.01425556187,0.2743597031,5.725580215,0.01787163876,-7.051479816,1.475119948,0.4192125797,-1.346698999,2.478588104
1004,-8.803250313,0.482637763,-362.7538452,0.8935700059,-0.7565031648,13.58342457,-1.922691941,0.9387680292,-0.004690585192,0.09050793201,6.361139774,0.01863388531,-7.312950134,1.475119948,0.9597391486,-1.429008007,2.327610016
1982,-8.821439743,0.484952867,-407.6578369,0.8935700059,-0.928462863,16.42268562,-3.659610033,2.228435993,-0.006233266555,0.154454425,5.598189831,0.01795824803,-7.266429901,1.475119948,2.790174961,-1.467949986,2.327610016
1988,-8.689829826,0.4815827906,-386.7442322,1.802597046,-0.6096943617,11.99390888,-2.071537971,0.6103330255,-0.00546846306,0.09465714544,6.413939953,0.01917174831,-6.805860043,1.475119948,3.271296978,-1.532259941,2.341110945
2078,-8.827659607,0.4963666499,-272.6806641,1.599091053,-0.4994213581,9.840341568,-3.005654097,1.320227981,-0.005637231283,0.1235987097,6.682390213,0.01925034821,-7.037620068,1.475119948,0.8154168129,-1.395473957,2.475543976
2256,-8.642780304,0.4769064784,-362.5588379,1.683738947,-0.8421682119,15.73851204,-5.97025013,0.1581870019,-0.01179867145,0.2172921747,5.9896698,0.01836908422,-7.369880199,1.475119948,1.369584441,-1.286484957,2.517438889
2319,-8.70333004,0.4804406762,-350.8792419,0.8935700059,-0.5864009857,11.57681465,-3.898560047,1.47376895,-0.007653889712,0.1534993052,6.127870083,0.01887721568,-7.025909901,1.475119948,3.152778864,-1.512840033,2.513396978
2328,-8.701640129,0.4847817719,-208.90242,0.8935700059,-0.6003031731,9.866580963,-2.890180111,0.8081690073,-0.00497185858,0.1036648601,6.315909863,0.01834376156,-7.189730167,1.475119948,1.169898868,-1.357362986,2.327610016
2730,-8.507639885,0.473210156,-478.5882263,1.899888039,-0.6278178692,13.79114628,-4.02120018,0.1581870019,-0.008229882456,0.1369704902,6.630219936,0.01961206645,-6.804100037,1.475119948,4.734110832,-1.505473971,2.536915064
2871,-8.849913597,0.5120158792,-115.8392792,1.448099971,-0.2863510549,5.04433918,-2.365108013,2.119725943,-0.002927128924,0.1016950384,6.442540169,0.01841951534,-6.759850025,1.475119948,0.4016382694,-1.567564011,2.613198042
2912,-8.604610443,0.4647110403,-671.9382324,1.336776018,-0.6596931219,18.61868286,-3.358799934,1.219303012,-0.005715766456,0.1156325266,6.952370167,0.01895458251,-6.724699974,1.475119948,6.044007301,-1.47626996,2.360271931
3017,-8.469240189,0.4720723331,-215.3532257,1.314000964,-0.3043954968,6.679991245,-2.55299592,0.4124130011,-0.006356128026,0.1102897003,6.158520222,0.0186978858,-6.959479809,1.475119948,2.120079279,-1.491953015,2.487164021
3030,-8.924591064,0.5099076033,-480.2382202,4.022328854,-0.6266422272,14.67604828,-3.456510067,0.1581870019,-0.00826802291,0.1320787817,8.096443176,0.02162977494,-7.007239819,1.475119948,4.448979855,-1.500462055,2.768981934
3031,-8.802109718,0.4898221791,-289.2722168,2.189907074,-0.3279129267,8.267532349,-2.948086023,0.1581870019,-0.00696988916,0.1161203235,6.576739788,0.01970227249,-7.06595993,1.475119948,2.719322443,-1.398448944,2.464731932
3036,-8.476860046,0.5225974321,-61.22859955,0.8935700059,-0.1584563851,2.634489536,-3.647629976,0.9209290147,-0.005177004728,0.1180802286,6.380300045,0.01927034371,-8.212100029,2.075654984,0.03389942646,-1.448130012,2.327610016
3039,-8.814840317,0.4775205851,-380.0802307,0.8935700059,-0.7060170174,12.98927689,-4.87966013,0.3513369858,-0.009914300404,0.1917667389,5.651850224,0.01765846647,-7.207069874,1.475119948,3.506456375,-1.468464971,2.36886692
3082,-8.805700302,0.4723725021,-369.2922363,2.226506948,-0.4936386645,11.11702919,-4.457719803,0.7706199884,-0.007971109822,0.1620643735,5.732049942,0.01776041649,-6.894760132,1.475119948,2.972254753,-1.480659008,2.498317003
3118,-8.660699844,0.4735534489,-410.6952209,1.700467944,-0.8743054867,16.07585526,-3.6521101,2.533816099,-0.005494256504,0.1566582471,6.469399929,0.01972410083,-6.705989838,1.475119948,3.577103138,-1.520943999,2.573625088
3120,-8.788829803,0.4937925935,-475.103241,0.8935700059,-0.5087145567,13.11638165,-1.403911948,0.3451620042,-0.003714893712,0.06486210972,6.57848978,0.0188469179,-6.957369804,1.475119948,4.507586956,-1.481269002,2.392043114
3224,-8.735420227,0.4764660299,-643.7382202,2.19688201,-0.7673017979,18.3823204,-5.731770039,0.5342689753,-0.009894905612,0.2014259994,5.634570122,0.01728535444,-7.134860039,1.475119948,5.283786297,-1.446617961,2.40853405
3225,-8.678019524,0.4744930565,-347.1582336,0.8935700059,-1.050991535,16.94818687,-4.946650028,0.1581870019,-0.008575961925,0.1633265913,6.411769867,0.01854701713,-7.093540192,1.475119948,1.547566891,-1.374781013,2.442951918
3346,-8.554510117,0.4644401968,-474.3482361,1.896348953,-0.9014787674,16.61120415,-3.412852049,0.2631370127,-0.005301646888,0.1053727195,5.959710121,0.01855255291,-6.959670067,1.475119948,4.23281765,-1.633237004,2.429635048
3347,-8.8347826,0.4741678536,-241.7592316,2.187693119,-0.3905259073,7.580032349,-2.390686989,1.734805942,-0.003204832785,0.0945154801,6.200459957,0.01892687567,-6.919839859,1.475119948,1.666570663,-1.554236054,2.500014067
3352,-8.656180382,0.4843836129,-260.0232239,2.005613089,-0.6756621599,11.28721046,-8.390049934,1.193619013,-0.01655831747,0.3237065375,6.312510014,0.01956588402,-6.883910179,1.475119948,2.504006147,-1.596624017,2.549879074
3496,-8.656180382,0.4805975556,-222.3338318,2.09484911,-0.4811465442,9.311681747,-2.140185118,1.804855943,-0.002101118676,0.09417571872,6.50135994,0.01893370412,-7.113810062,1.475119948,2.038371563,-1.535344958,2.327610016
4004,-8.010700226,0.4759041965,-211.1768341,0.8935700059,-0.4449916184,7.485098362,-2.432590008,0.6898699999,-0.003914522938,0.0872387141,6.555490017,0.01953647099,-7.034920216,1.475119948,0.5908436179,-1.435935974,2.39993
4109,-8.951669693,0.4815562367,-280.1586609,1.834414959,-0.5261315703,10.10256767,-2.880173922,0.7269459963,-0.004325578455,0.0962426737,6.340270042,0.01867493615,-7.137279987,1.475119948,1.304497123,-1.469396949,2.345669985
4130,-8.842416763,0.4995977581,-243.0772247,4.075509071,-0.2506384254,6.761207581,-2.646086931,0.3434360027,-0.006178350188,0.1083104163,7.899567127,0.02147666924,-7.06155014,1.475119948,2.099131346,-1.458132029,2.407073021
4169,-8.5418396,0.4684831798,-468.1312256,0.8935700059,-0.4405263662,12.80561352,-1.188748956,1.367462993,-0.002480314346,0.06688609719,6.182209969,0.01905461401,-6.788730145,1.475119948,4.66092205,-1.537348986,2.437973976
4420,-8.639229774,0.4705081582,-190.3204193,1.85909605,-0.4717356563,8.404543877,-2.613883972,0.3721030056,-0.005915656686,0.1047467068,6.071320057,0.01903604716,-7.120739937,1.475119948,1.040326595,-1.41384995,2.402254105
4618,-8.494859695,0.4743176103,-407.4942322,0.8935700059,-0.7878645062,14.49686909,-3.476569891,0.1581870019,-0.006878830492,0.1160748601,5.839479923,0.01846045256,-7.125040054,1.475119948,2.707489491,-1.382048965,2.545208931
4690,-8.639369965,0.4737121165,-389.3572388,1.404690027,-0.4337456822,11.00749874,-2.750381947,1.122280002,-0.005667619407,0.1098400354,6.332600117,0.01854036003,-7.035850048,1.475119948,3.923523664,-1.480605006,2.497816086
4790,-8.703410149,0.4761707783,-256.62323,0.8935700059,-0.6743329763,11.7217083,-1.524497986,1.851935983,-0.002690021181,0.08854799718,6.039090157,0.01832355559,-7.22424984,1.475119948,2.144118071,-1.503646016,2.424510956
4794,-8.614959717,0.4784888923,-162.8902283,0.8935700059,-0.1958956718,4.803586483,-4.893909931,0.5102350116,-0.008978075348,0.1799534857,6.334630013,0.01982588507,-6.920899868,1.475119948,0.9178516865,-1.34996295,2.621304989
4928,-8.822859764,0.480067879,-275.3346558,0.8935700059,-0.7156664729,12.36507225,-3.527789116,0.1581870019,-0.007635159418,0.1226579398,6.522029877,0.01875620708,-7.413619995,1.475119948,2.007094383,-1.279795051,2.364078045
4929,-8.812390327,0.4796977341,-324.803833,0.8935700059,-0.8196709156,14.15361595,-3.114820004,0.8121340275,-0.005848594476,0.114007391,6.208469868,0.01842608117,-7.01320982,1.475119948,0.9833529592,-1.516620994,2.470463037
4931,-8.750909805,0.4768865108,-276.9682312,0.8935700059,-0.5223178864,10.08555794,-3.441006899,0.2262839973,-0.006034590304,0.1133311242,5.674330235,0.01815770939,-7.05343008,1.475119948,0.5429054499,-1.525596023,2.327610016
4936,-8.564880371,0.45630458,-336.7882385,0.8935700059,-0.5057927966,10.21591854,-2.330012083,2.400135994,-0.003889946733,0.1100263745,6.580410004,0.01953217015,-6.751299858,1.475119948,3.330462456,-1.678218007,2.574421883
4944,-8.659669876,0.4835562706,-215.0962372,0.8935700059,-0.2858880758,6.275753975,-2.945723057,0.1581870019,-0.006933845114,0.1106934696,6.71807003,0.02081421018,-6.790380001,1.475119948,1.537217855,-1.49860096,2.66071701
5216,-7.627190113,0.4498669803,-449.2452393,0.8935700059,-0.8824984431,15.15670776,-3.183876038,0.1776719987,-0.00607704604,0.1051893234,6.198740005,0.01986306906,-6.784359932,1.475119948,4.538294792,-1.464514971,2.631818056
5383,-8.633270264,0.4778473079,-566.3062134,0.8935700059,-0.9244151115,18.63986778,-1.342399001,1.378046989,-0.001927039586,0.0686326921,6.419300079,0.01912829839,-7.155789852,1.475119948,4.914214134,-1.509956956,2.456806898
5430,-8.785889626,0.5119152069,-249.2212372,1.448099971,-0.4406681955,8.368567467,-5.508739948,0.3308880031,-0.01307772007,0.233813718,6.167349815,0.0180083029,-7.16906023,1.475119948,2.331045866,-1.414055943,2.422051907
5455,-8.856531143,0.4840970039,-121.5639038,1.823292971,-0.2626754642,5.511483669,-1.932227015,0.2763490081,-0.004793467466,0.08003666997,6.235839844,0.01874498278,-7.04885006,1.475119948,0.9845007062,-1.28666997,2.352627039
5543,-8.903072357,0.4781559706,-478.8762207,1.967123032,-0.6907225251,14.62580585,-4.324639797,0.1853100061,-0.00899923034,0.1711911112,5.278719902,0.01731550694,-6.970180035,1.475119948,4.085767269,-1.515889049,2.413008928
5794,-8.727199554,0.4748251438,-478.5612183,1.714758039,-0.5736264586,13.84156609,-4.48239994,0.2071630061,-0.006312653422,0.1330876648,6.113749981,0.0181650091,-7.131030083,1.475119948,4.317351341,-1.674695969,2.422091007
5853,-8.823860168,0.4952107072,-332.5336609,0.8935700059,-0.829256475,14.50541592,-3.209948063,0.1581870019,-0.006621479057,0.1079702824,6.541759968,0.01936281845,-7.172880173,1.475119948,1.969896436,-1.605420947,2.327610016
5859,-8.077260017,0.4476501048,-392.2522278,0.8935700059,-0.9316380024,17.08024216,-1.527739048,2.575086117,-0.001019212534,0.09702882171,6.585490227,0.01985767297,-6.758240223,1.475119948,3.126737833,-1.410464048,2.497315884
6129,-8.563810349,0.4675854445,-400.1312256,1.801447034,-0.670835793,13.90456009,-4.564670086,0.2580409944,-0.008769161999,0.1721499413,5.753280163,0.01808540337,-6.579589844,1.475119948,3.845192194,-1.589413047,2.686640024
6758,-8.660730362,0.4871515334,-515.8182373,4.041567802,-0.9806975722,19.34757233,-3.639869928,0.170450002,-0.007957107387,0.1348647624,8.068267822,0.02208576351,-6.47040987,1.475119948,5.142989159,-1.575713038,2.638892889
6795,-8.707839966,0.4754281342,-155.3718262,0.8935700059,-0.43215698,6.782533169,-2.893292904,0.4867059886,-0.005539646838,0.1056760699,5.368850231,0.01820378937,-6.988210201,1.475119948,0.4167429209,-1.535169005,2.594360113
6805,-8.646900177,0.4640309215,-445.8892212,0.8935700059,-0.7483450174,14.71542072,-3.810640097,3.022965908,-0.005829005502,0.1718609631,5.238729954,0.01675439626,-7.013790131,1.475119948,3.97311759,-1.580026031,2.58909297
7153,-8.706589699,0.4795123339,-310.2918396,2.189446926,-0.6096080542,11.48983479,-1.544260025,0.8355519772,-0.00363729638,0.07391397655,6.821239948,0.01903919317,-7.048820019,1.475119948,0.6927970648,-1.482292056,2.423254013
7204,-8.532170296,0.4707916677,-379.4328308,0.8935700059,-0.7968910933,13.8767395,-5.492949963,0.1581870019,-0.01075866446,0.2117378414,6.124690056,0.01868231967,-7.125189781,1.475119948,1.718047142,-1.576169014,2.345875025
7430,-8.717840195,0.480320394,-634.847229,2.823709965,-0.9144957662,19.84521484,-2.004120111,0.9456239939,-0.004898300394,0.0929087773,6.672800064,0.01913694106,-6.850540161,1.475119948,6.103060722,-1.523563027,2.605000019
8594,-8.773209572,0.4769634306,-323.0822449,2.201603889,-0.5914920568,10.90541935,-1.26878798,0.6885899901,-0.002585727489,0.06211683527,6.236120224,0.01789923199,-6.621119976,1.475119948,2.439179659,-1.544852018,2.582989931
8606,-8.552669525,0.4944835603,-242.0408325,0.8935700059,-0.7282887697,12.25941181,-3.071877956,0.1581870019,-0.00609137211,0.1053647771,6.601150036,0.01806584001,-8.843349457,2.076539993,0.03390525281,-1.483827949,2.327610016
9411,-8.952681541,0.4824958146,-331.5228271,2.215161085,-0.6995931864,12.3915329,-3.723560095,0.6965399981,-0.00641817553,0.1269500405,6.502220154,0.01914455183,-7.054140091,1.475119948,1.331788421,-1.36630404,2.400563002
9502,-8.745389938,0.4796697497,-388.5342407,1.820454001,-0.6472448707,12.3309679,-1.317847967,4.601429939,0.002765229438,0.1506316364,6.127960205,0.01837111078,-7.06648016,1.475119948,3.592462778,-1.490043044,2.49545002
11442,-8.844229698,0.4962992966,-550.0492554,4.052255154,-0.4941785038,15.01247311,-2.938374996,0.1581870019,-0.007029881235,0.1183029115,8.044345856,0.0208974909,-6.601059914,1.475119948,5.245776653,-1.337278962,2.586344957
12901,-8.671349525,0.4726293385,-463.7342224,0.8935700059,-0.6638485789,13.61176491,-2.317859888,1.965396047,-0.005255940836,0.1180920377,5.800030231,0.01824368536,-6.949769974,1.475119948,4.140256405,-1.407209039,2.342730999
12932,-8.520059586,0.4772832096,-248.547226,0.8935700059,-0.3279810548,7.244257927,-6.114349842,0.1687909961,-0.01053827442,0.2090953439,6.210869789,0.01878952421,-7.193039894,1.475119948,2.236860991,-1.579023004,2.327610016
12968,-8.741330147,0.494335711,-214.6418304,4.042130947,-0.3669015169,7.719382286,-2.627546072,2.361465931,-0.00338392565,0.1125788912,8.112911224,0.02161270566,-7.170650005,1.475119948,0.7973152399,-1.542209983,2.535763979
13709,-8.605489731,0.474948734,-297.8789062,0.8935700059,-0.8440213203,12.74870968,-6.78151989,0.1581870019,-0.01142995898,0.2169438154,5.895030022,0.01731641032,-7.057660103,1.475119948,0.8539931178,-1.45184505,2.462373018
13745,-8.695839882,0.4659435451,-502.7452393,0.8935700059,-0.6832916737,15.2357645,-5.092870235,0.4321640134,-0.01014319155,0.2014661133,5.574150085,0.01727124117,-7.029610157,1.475119948,5.184577465,-1.544685006,2.515964985
14337,-8.646160126,0.479824245,-541.8592529,2.073260069,-0.5826706886,15.21728992,-3.263978958,3.400346041,-0.004513926804,0.1516941637,6.355380058,0.01922257617,-6.909249783,1.475119948,4.939851284,-1.517276049,2.489666939
15531,-8.287879944,0.4565504491,-443.103241,1.351452947,-0.776147902,16.06317329,-1.328084946,0.3030000031,-0.003144475166,0.06371808052,5.527900219,0.01704056188,-7.1291399,1.475119948,4.193977833,-1.58919704,2.441239119
15546,-8.741999626,0.4747613668,-241.6222229,0.8935700059,-0.5290544033,9.009949684,-1.690011024,1.646016002,-0.002504290082,0.08364976943,6.503930092,0.01841121353,-7.069149971,1.475119948,2.23676753,-1.448536992,2.421895027
15553,-8.730569839,0.5001132488,-392.8792419,4.040522099,-0.453455478,11.21987057,-2.636115074,2.552645922,-0.004362021573,0.1190741435,7.918708801,0.0212083105,-7.208570004,1.475119948,3.371271849,-1.490826011,2.43020606
15939,-8.659810066,0.4792502522,-328.8522339,0.8935700059,-0.6104864478,11.01827526,-1.229732037,0.1581870019,-0.003223421285,0.04872914031,5.718329906,0.01857172698,-7.051929951,1.475119948,1.996392131,-1.495185971,2.373548985
15965,-8.801309586,0.4867247641,-296.0432434,1.742082,-0.4875823557,9.370079994,-2.805496931,1.318670034,-0.004509035964,0.1018604562,6.459209919,0.01893729903,-7.085909843,1.475119948,2.72657156,-1.499727011,2.395605087
16003,-8.937519073,0.4644593298,-378.9862366,2.236531019,-0.5084725022,11.28516579,-1.555835009,0.1671620011,-0.00476264162,0.07297776639,6.124249935,0.01894507185,-6.603980064,1.475119948,3.695560217,-1.361611962,2.561386108
16115,-8.623009682,0.4772368371,-280.5482178,1.645717025,-0.4042735398,8.399341583,-1.808876038,1.653625965,-0.003324617632,0.08364344388,5.90335989,0.01925626956,-7.344600201,1.475119948,2.112996578,-1.539628029,2.406946898
16116,-8.710709572,0.4835188985,-321.1792297,1.614135027,-0.3425834775,8.94699955,-2.736495018,3.193406105,-0.003036028473,0.1325137317,6.439239979,0.01902719215,-7.314070225,1.475119948,3.004859686,-1.507367015,2.327610016
16181,-8.568499565,0.4762331545,-191.131424,0.8935700059,-0.3623483181,6.877980232,-3.712500095,0.1581870019,-0.008771490306,0.1482348442,5.91862011,0.01733332686,-8.841095924,2.076539993,0.03390525281,-1.478641987,2.327610016
16562,-8.738459587,0.4768915176,-483.1322327,1.804177999,-0.7768195271,15.97131252,-4.762710094,0.6412249804,-0.007878139615,0.1593579799,6.137579918,0.01844322868,-6.528029919,1.475119948,4.840714455,-1.440569043,2.540874958
16686,-7.825660229,0.4570689201,-177.5162354,0.8935700059,-0.3284358978,6.367047787,-1.063130021,1.432533026,-0.000632643234,0.06839431822,6.207479954,0.01972752996,-6.951459885,1.475119948,1.621783137,-1.494622946,2.555243015
17432,-8.90431881,0.524046123,-188.7822876,1.562839985,-0.4199118018,8.045107841,-1.442311049,0.9140729904,-0.003903233213,0.07252707332,6.118330002,0.01928261854,-8.14066124,2.076539993,0.03390525281,-1.489689946,2.327610016
17581,-8.834604263,0.4762919843,-278.7158203,3.29756999,-0.7331825495,13.35557652,-2.120657921,2.116535902,-0.003972989041,0.1055100113,6.768640041,0.01956518926,-6.884530067,1.475119948,1.189091086,-1.313732028,2.352488995
18752,-8.657409668,0.4726426601,-443.7612305,0.8935700059,-0.5198619962,12.73996639,-2.531676054,0.7591969967,-0.005041155498,0.09546568245,6.558650017,0.01875149272,-7.004089832,1.475119948,3.188433886,-1.52711904,2.524641037
18996,-8.570929527,0.5266472697,-186.5662842,1.784335017,-0.5168653727,8.941468239,-2.791848898,0.1581870019,-0.006520117633,0.1091614813,6.678110123,0.0201147832,-8.184336662,1.475119948,0.1761643589,-1.415032029,2.327610016
19395,-8.808549881,0.4765119553,-292.2478333,1.978011012,-0.6989791393,13.40489483,-1.458413959,2.486855984,-0.000852571975,0.09040871263,6.265140057,0.01849344,-6.99255991,1.475119948,2.371148825,-1.55233705,2.46518898
21307,-8.787879944,0.4848935902,-256.8452148,0.8935700059,-0.4368825257,8.700094223,-3.04675293,1.024853945,-0.006185161881,0.1244342029,6.629149914,0.01988113485,-7.378479958,1.475119948,1.929638863,-1.514973044,2.373236895
21803,-8.690649986,0.4703985453,-264.3152161,2.184546947,-0.4890755713,9.569828987,-2.778398037,0.205911994,-0.006177572999,0.1100902855,5.537610054,0.01721944287,-7.230020046,1.475119948,2.424017906,-1.505926013,2.381920099
22188,-8.99057579,0.50139606,-357.2392273,1.969269991,-0.9160806537,16.23285675,-4.160220146,0.1581870019,-0.008130824193,0.1370131373,6.497230053,0.01988331228,-7.024819851,1.475119948,3.494249821,-1.581892967,2.639858007
25670,-8.707889557,0.4818654656,-374.3842163,0.8935700059,-0.5530896783,11.38410759,-4.371409893,0.7065060139,-0.008907949552,0.1741143167,5.962500095,0.01782218367,-7.004109859,1.475119948,3.593810797,-1.486608028,2.445462942
27189,-8.715189934,0.479360193,-260.6342163,1.575024962,-0.3893053532,8.105555534,-2.69904995,4.950265884,-0.0007152903127,0.1623356789,6.727499962,0.01971283555,-6.970699787,1.475119948,1.905963659,-1.502267003,2.555818081
27982,-8.718460083,0.4760578573,-404.8392334,2.17327404,-0.8558169007,14.84012604,-2.32200098,0.5898330212,-0.006268255878,0.1009460017,6.224140167,0.0182851851,-7.067969799,1.475119948,3.081821918,-1.45569694,2.376833916
29393,-8.736989975,0.4593651891,-200.0692291,0.8935700059,-0.2882524431,5.91827774,-2.040143013,1.72221601,-0.004203718156,0.09598203748,6.270229816,0.01822699979,-6.686699867,1.475119948,1.869460702,-1.601595998,2.613698959
29732,-8.54349041,0.4784899652,-613.472229,1.741554022,-0.7877501249,17.77493286,-2.220688105,2.61233592,-0.003579915268,0.1122608036,6.20235014,0.0195039846,-6.900559902,1.475119948,4.710640907,-1.389340997,2.508189917
30479,-8.664770126,0.4869707525,-364.6678162,3.18317008,-0.7184554338,14.06254959,-1.954481959,0.6797509789,-0.003716997104,0.07385902107,6.246669769,0.01936938427,-7.245769978,1.475119948,2.389981508,-1.325981021,2.327610016
30773,-8.417770386,0.4788746536,-296.9102173,2.080075979,-0.5976682305,10.48946762,-2.719207048,0.4317420125,-0.004638253246,0.09300664812,7.199719906,0.01989174448,-7.289239883,1.475119948,2.019715071,-1.420361996,2.469279051
31070,-9.207278252,0.5433185697,-191.6248322,2.597769976,-0.447296381,7.86376524,-3.042932034,0.1581870019,-0.007510629483,0.1222393587,6.372610092,0.01890068501,-8.845772743,2.076539993,0.03390525281,-1.480999947,2.327610016
31657,-8.782179832,0.4942967594,-251.0842285,0.8935700059,-0.4141734838,7.908881664,-2.118798971,2.402355909,-0.00350406277,0.1143402904,6.203380108,0.01852544211,-7.398479939,1.475119948,2.372434855,-1.461541057,2.327610016
32154,-8.838007927,0.4813102782,-517.7192383,3.723056078,-0.8109452128,17.20654678,-1.261962056,2.355875969,-0.001492867479,0.08541157097,6.393189907,0.01866751164,-7.084400177,1.475119948,4.803244114,-1.645195007,2.405155897
32490,-8.856104851,0.4720819294,-322.3788452,2.191952944,-0.8013635278,13.09854412,-1.324506044,2.781316042,0.001664374257,0.1022930518,6.303989887,0.0191839952,-6.749129772,1.475119948,2.068549156,-1.491670012,2.548919916
32872,-8.72189045,0.4777622521,-250.5888367,1.613816023,-0.4983733892,9.764064789,-3.726469994,0.1581870019,-0.007504467387,0.1260468066,6.504389763,0.0187163502,-6.722249985,1.475119948,1.338466287,-1.422595024,2.574409008
33360,-8.807020187,0.4955110848,-174.6266479,2.123136997,-0.3109777868,6.826195717,-4.093160152,0.1581870019,-0.007921630517,0.139580816,6.590240002,0.01987363584,-6.996329784,1.475119948,0.7918183804,-1.343197942,2.550172091
33500,-8.674070358,0.4806171358,-588.7912598,0.8935700059,-0.5693363547,16.18787575,-5.342679977,1.440919042,-0.008674004115,0.1905940473,6.212240219,0.01876157895,-6.909689903,1.475119948,5.757920742,-1.359153032,2.410552979
33565,-8.757329941,0.4867037237,-286.6922302,0.8935700059,-0.5327883363,9.636671066,-3.498059988,1.017688036,-0.004649863113,0.1091810241,5.972439766,0.01836518385,-7.156290054,1.475119948,2.230451822,-1.397632957,2.456176996
33775,-8.665459633,0.4656063616,-598.387207,0.8935700059,-0.8276136518,18.01510429,-2.665966988,1.233646989,-0.00523468852,0.1095061228,5.678209782,0.01812246628,-6.414050102,1.475119948,5.9332757,-1.663243055,2.688342094
34468,-8.669850349,0.5364764929,-56.55223083,0.8935700059,-0.1869577765,3.044756413,-2.620737076,0.4051220119,-0.005669945851,0.0979411304,6.521440029,0.01981086656,-8.255066872,1.475119948,0.5809904933,-1.377547979,2.327610016
34469,-8.556699753,0.4877647161,-237.2622375,4.072044849,-0.3813726008,7.89347744,-2.654298067,0.8338890076,-0.005354652181,0.1037176549,7.992715836,0.0220349133,-6.948160172,1.475119948,1.122193575,-1.541496038,2.547327995
34526,-8.544070244,0.4872300923,-199.602829,0.8935700059,-0.4775416553,8.110336304,-2.035335064,0.1581870019,-0.006312916521,0.08899640292,5.732749939,0.01821805537,-8.839488983,2.076539993,0.03390525281,-1.480746984,2.327610016
36324,-8.694239616,0.5013052225,-184.2579041,0.8935700059,-0.5452100039,8.868882179,-1.680173993,1.109485984,-0.003368622158,0.08243020624,6.242529869,0.01835659519,-8.840653419,2.076539993,0.03390525281,-1.487277985,2.327610016
37123,-8.681030273,0.4623443484,-258.8232422,2.09819603,-0.493419379,8.94799614,-2.659996986,0.1581870019,-0.006741935387,0.1123292297,6.133430004,0.01937714964,-6.835519791,1.475119948,2.373585939,-1.528311968,2.583745956
37175,-8.543450356,0.4757230878,-182.472229,0.8935700059,-0.4024291933,7.10388279,-3.582779884,0.1581870019,-0.007976778783,0.136558041,5.944990158,0.01850686036,-7.06690979,1.475119948,1.573937058,-1.442464948,2.4519701
37517,-8.938439369,0.4884628057,-348.7822266,2.218689919,-0.5141273141,10.54524612,-4.503439903,1.483342052,-0.007987028919,0.1775301844,6.028329849,0.01867979392,-7.095449924,1.475119948,3.087235451,-1.444764972,2.487591982
38090,-8.735059738,0.4862143993,-448.1242371,1.575170994,-0.629591167,13.56320286,-2.348751068,1.173522949,-0.004767363425,0.09895816445,5.992630005,0.01872439869,-7.384850025,1.475119948,3.88312912,-1.390545964,2.423085928
38479,-8.819270134,0.4884546101,-339.1612244,0.8935700059,-0.5388448238,10.5480547,-6.845499992,0.4703100026,-0.0117184082,0.2330196351,5.990970135,0.01829411462,-6.723999977,1.475119948,2.756946802,-1.668782949,2.667155027
38779,-8.680879593,0.4833767414,-287.9012451,3.774338007,-0.2799291015,7.985222816,-3.220778942,3.3372159,-0.002140348777,0.1384817958,6.436570168,0.01959056221,-6.87154007,1.475119948,2.670994759,-1.519180059,2.562251091
39223,-8.553799629,0.4958206117,-436.2052307,4.051564217,-0.6714590788,14.97456455,-2.572885036,0.3347719908,-0.005735639948,0.1012312844,8.010969162,0.02111449838,-7.15929985,1.475119948,4.452672005,-1.416672945,2.443471909
39327,-8.916374207,0.4913396239,-190.6942291,2.217916012,-0.2380253524,5.684225559,-1.659343958,1.268597007,-0.003009225009,0.07457513362,6.782589912,0.01927661523,-6.834760189,1.475119948,1.289638042,-1.364166975,2.563760996
39965,-8.783069611,0.4841550291,-305.0452271,3.629045963,-0.5650293827,10.515275,-2.719980955,1.049919963,-0.005091550294,0.1019003615,7.494006157,0.0202498883,-6.816259861,1.475119948,2.875879049,-1.470113039,2.507884979
39985,-8.551650047,0.4704052806,-534.7872314,0.8935700059,-0.9414715171,17.3181839,-2.419730902,0.3195419908,-0.006091992371,0.101270169,5.99545002,0.01829129271,-7.137239933,1.475119948,4.370803356,-1.44035697,2.372095108
40326,-8.483849525,0.4628808498,-299.7168274,0.8935700059,-0.9607289433,15.21341133,-1.722360969,0.7945119739,-0.003968921956,0.07490442693,6.2385602,0.01807052083,-6.825630188,1.475119948,1.865074158,-1.534669042,2.687675953
40585,-8.01556015,0.4701485038,-568.3362427,4.011024952,-1.012066722,19.29492188,-2.273885012,0.7270879745,-0.005665195175,0.1039964259,7.629135132,0.02114747651,-6.839590073,1.475119948,3.604648829,-1.693796992,2.510761976
40896,-8.692749977,0.4814841151,-227.4202271,0.8935700059,-0.3923247159,7.445430756,-2.855047941,3.091176033,-0.004481027834,0.1426369548,6.199769974,0.01878167316,-7.178599834,1.475119948,2.093344688,-1.628594041,2.419744015
41368,-8.757089615,0.4865887761,-250.5432281,2.063829899,-0.2552593946,6.913793087,-2.704754114,0.1581870019,-0.007293353789,0.1169715747,6.337460041,0.01878993027,-6.809689999,1.475119948,2.326545,-1.462262034,2.497092009
41381,-8.863130569,0.4864021242,-164.9698334,1.772855043,-0.3854804337,6.730242729,-1.863373995,5.923155785,-0.0005787619157,0.1774666607,6.368919849,0.01970538124,-6.92828989,1.475119948,0.6144593358,-1.385655046,2.603470087
41385,-8.692520142,0.4792838395,-518.9502563,0.8935700059,-0.7711026669,15.58999538,-1.335592031,2.71507597,-0.002536881948,0.1006522626,6.644330025,0.01960414089,-6.992350101,1.475119948,4.693798065,-1.448835015,2.470468044
41428,-8.794830322,0.481102407,-394.9008179,0.8935700059,-0.8654431105,14.71197987,-2.953162909,1.731155992,-0.005206173286,0.1252164245,6.024879932,0.01814961992,-7.120369911,1.475119948,1.454499483,-1.447906017,2.426361084
41463,-8.863055229,0.4846169353,-686.0782471,0.8935700059,-0.7623052001,19.19649696,-3.43114996,2.770195961,-0.004718006589,0.1474870145,5.94190979,0.01739501022,-6.935520172,1.475119948,5.84344101,-1.33047998,2.445676088
42586,-8.858154297,0.4744493365,-317.9058228,1.860291958,-0.5894120932,11.28476429,-1.990535975,1.328559041,-0.003494111123,0.08458022028,6.297329903,0.01915610395,-7.020309925,1.475119948,0.8388512135,-1.47615695,2.508889914
42614,-8.937446594,0.4866437018,-616.833252,1.825062037,-0.9144585133,19.01453018,-8.851420403,0.1581870019,-0.01629693806,0.3127578199,6.402070045,0.01921422593,-6.958519936,1.475119948,5.973079205,-1.607432961,2.530417919
43079,-8.59430027,0.4710735381,-525.8312378,2.219418049,-0.5637845397,14.62292957,-4.242990017,0.1581870019,-0.009841215797,0.167478025,5.689280033,0.01767284237,-7.19810009,1.475119948,5.203587055,-1.570549965,2.476046085
43226,-8.940279961,0.5143949986,-367.2852173,1.448099971,-0.4889631569,11.01741123,-3.606297016,0.5355139971,-0.007512299344,0.1412820965,5.787549973,0.01702520438,-7.384140015,1.475119948,3.234957695,-1.626932979,2.431288958
43234,-8.828619957,0.4988847077,-402.4142151,3.996975899,-0.7820263505,14.78076458,-2.08279705,1.567080021,-0.001974508166,0.09710108489,7.420133114,0.02074256539,-7.3667202,1.475119948,2.704916954,-1.645511985,2.327610016
44073,-8.495849609,0.4601241648,-630.4202271,2.155118942,-0.7916283011,18.11220932,-5.904099941,0.1581870019,-0.01141164824,0.2227243185,5.934010029,0.01850985549,-6.703370094,1.475119948,6.357058048,-1.485306025,2.529731035
47326,-8.58946991,0.4685745239,-314.0092163,1.158839941,-0.4826456308,9.704153061,-4.795499802,2.715235949,-0.007064432371,0.175581947,6.135859966,0.01861584745,-7.065110207,1.475119948,2.792953968,-1.727115989,2.394241095
47491,-8.60147953,0.4854084253,-607.7352295,0.8935700059,-0.5406551361,16.57010841,-2.613002062,0.4801389873,-0.00520176813,0.09420911968,6.673950195,0.01938026026,-6.789680004,1.475119948,5.873806953,-1.490283966,2.327610016
47866,-8.662730217,0.4720670283,-469.6952209,0.8935700059,-0.7277568579,15.78784847,-3.951980114,0.1581870019,-0.007957735099,0.1340678036,6.470230103,0.019039765,-6.725049973,1.475119948,4.566846371,-1.658660054,2.595976114
47898,-8.414629936,0.4697984457,-313.6522217,0.8935700059,-0.6077318192,12.77692318,-2.933716059,1.761008978,-0.002862613881,0.1139205694,6.243209839,0.01913849637,-6.438990116,1.475119948,2.437333822,-1.527304053,2.512373924
47938,-8.865534782,0.4967670143,-209.8362274,0.8935700059,-0.3273638487,6.859065533,-1.909064054,0.6168810129,-0.004928153008,0.08674456924,6.324689865,0.01895584352,-7.081600189,1.475119948,2.137128353,-1.37469399,2.456604004
48132,-8.746459961,0.4835500419,-342.853241,1.736700058,-0.3972076178,9.737976074,-3.26967001,0.7343999743,-0.004908709321,0.1071204022,6.694210052,0.01966904663,-7.073719978,1.475119948,3.527271271,-1.586478949,2.471044064
50367,-8.555120468,0.4793897867,-472.6312256,0.8935700059,-0.4501160681,12.95234776,-4.288119793,0.1581870019,-0.008115142584,0.1436339617,5.678490162,0.01784525253,-6.87142992,1.475119948,4.606432438,-1.498852968,2.327610016
50516,-8.893574715,0.5229514241,-448.4282227,3.968533993,-0.3437483609,12.14886093,-2.29844594,1.917436004,-0.003967797384,0.1009596288,7.732645035,0.02015361376,-7.069039822,1.475119948,4.619760036,-1.485113978,2.519754887
50896,-8.869467735,0.5138231516,-414.9752197,1.448099971,-0.4352727234,11.61326504,-2.847193003,2.495105982,-0.004771905951,0.1275065243,6.334980011,0.01811270602,-7.617320061,1.475119948,4.15285635,-1.597723961,2.327610016
50897,-8.800149918,0.4898447692,-289.6632385,1.779356003,-0.3821770549,8.688448906,-2.026129961,0.5687919855,-0.005428561941,0.09177122265,6.50481987,0.01911580935,-7.299369812,1.475119948,2.949770689,-1.426100969,2.327610016
51556,-8.835221291,0.4701419771,-484.4962158,2.213694096,-0.6905426383,14.66665363,-3.696399927,1.871806026,-0.00526001351,0.1391475201,6.071350098,0.01767280512,-6.655069828,1.475119948,4.674497604,-1.664873004,2.57554698
51605,-8.755800247,0.4698503911,-381.9852295,2.215363979,-0.9433684349,16.07178497,-3.018419981,0.2624169886,-0.006386297755,0.1114482284,6.251180172,0.01773647033,-6.853519917,1.475119948,3.529594183,-1.582278013,2.429181099
54901,-8.693309784,0.4854444861,-248.0362244,0.8935700059,-0.4369349778,8.005743027,-3.761529922,4.042166233,-0.005787562113,0.1861671358,6.351449966,0.01888637058,-6.822669983,1.475119948,1.333115935,-1.523942947,2.327610016
61021,-8.670350075,0.4830074608,-398.5932312,0.8935700059,-0.8026396036,15.37752247,-3.257632971,0.1581870019,-0.006904174574,0.1183779687,5.501679897,0.01799954474,-7.20442009,1.475119948,3.938312531,-1.483276963,2.485922098
61899,-8.024129868,0.4574249089,-209.7182312,0.8935700059,-0.6758923531,10.26456642,-2.973347902,0.1581870019,-0.007764979731,0.1228364855,6.735630035,0.01982124709,-7.174900055,1.475119948,1.433957458,-1.516294956,2.423893929
62155,-8.45720005,0.4763313532,-437.399231,1.987421989,-0.5593156815,12.75975323,-1.587614059,0.9829369783,-0.003785151523,0.07307682931,6.580800056,0.01929375716,-7.103839874,1.475119948,3.891892672,-1.459434986,2.367932081
62276,-8.813639641,0.4856024086,-177.6872253,1.839789987,-0.5725042224,9.024689674,-2.521861076,0.6787170172,-0.004676013254,0.09319213033,6.456940174,0.01902894862,-7.519120216,1.475119948,1.469929338,-1.436197042,2.344449043
71245,-8.695079803,0.5010871291,-420.1382446,1.448099971,-0.6358688474,13.25751495,-1.411363006,0.7324169874,-0.002864313545,0.06996244937,6.163380146,0.01691898517,-7.022930145,1.475119948,4.181864738,-1.565472007,2.327610016
73281,-8.789299965,0.5010330677,-223.7782288,4.1291852,-0.1909268498,6.120941162,-1.369909048,0.4923079908,-0.002113367198,0.05291133374,7.515942097,0.02178563178,-6.914080143,1.475119948,2.262102604,-1.555109024,2.448404074
73282,-8.649490356,0.4695990384,-297.972229,2.90060997,-0.6582652926,13.29948807,-2.308271885,0.7335249782,-0.005386536941,0.0970146656,6.471950054,0.01873450726,-6.962080002,1.475119948,2.888209581,-1.581437945,2.627108097
73669,-8.704719543,0.5150333047,-304.0342407,1.448099971,-0.3925758004,8.831066132,-1.376433015,3.333506107,-0.001503198524,0.1098910049,7.020229816,0.01917757653,-7.116280079,1.475119948,3.051695108,-1.346055984,2.327610016
73670,-7.565539837,0.4495569766,-429.2412415,0.8935700059,-0.8894761205,14.92392349,-2.950766087,2.197145939,-0.005176396575,0.1330194324,6.139070034,0.01841938123,-6.788809776,1.475119948,3.798003912,-1.52867496,2.440378904
73671,-8.805780411,0.5325176716,-150.8206482,2.64545989,-0.3163408339,5.754394531,-4.39425993,0.6299409866,-0.007872262038,0.161603108,6.363619804,0.01919649355,-8.354950905,2.076539993,0.03390525281,-1.518257022,2.327610016
73674,-8.915312767,0.500995636,-331.3308411,3.925385952,-0.7095857859,14.69660664,-4.040800095,0.4147349894,-0.008054212667,0.1567190737,6.848120213,0.02059183456,-6.699590206,1.475119948,2.982749939,-1.57892096,2.583792925
83975,-8.664150238,0.4777552783,-285.9692383,2.123887062,-0.7187543511,12.55604744,-4.902329922,0.1581870019,-0.009285519831,0.1811293364,6.042319775,0.01820639521,-6.943079948,1.475119948,2.484841585,-1.422996044,2.357201099
84098,-8.687919617,0.4771812558,-165.0572357,1.907649994,-0.3550204933,6.342038155,-4.490469933,1.494706035,-0.008109916933,0.1797468662,6.000229836,0.0182928592,-6.955629826,1.475119948,1.641703606,-1.457625031,2.482063055
86102,-8.640979767,0.4562898874,-372.323822,2.136615038,-1.043315411,17.19542694,-4.542270184,3.777925968,-0.006082492881,0.1939367056,5.45277977,0.01679661684,-7.232610226,1.475119948,2.754043102,-1.263596058,2.327610016
86138,-8.766059875,0.4869507849,-606.4572144,1.898113012,-0.6358977556,17.01646996,-3.220774889,2.554205894,-0.004873389844,0.1303817332,6.917850018,0.01903245784,-7.081029892,1.475119948,6.199552059,-1.445662975,2.468528986
86173,-8.479590416,0.4868699014,-377.6878357,0.8935700059,-0.7040117979,14.0192337,-1.679533005,0.9846000075,-0.003802880412,0.08154318482,6.209350109,0.01850630902,-8.838354111,2.076539993,0.03390525281,-1.494820952,2.327610016
86298,-8.66215992,0.4896510243,-169.4762268,4.064796925,-0.2280717939,5.252167702,-2.611984968,0.7462930083,-0.005604998209,0.1045551449,7.834290981,0.02076036483,-7.178390026,1.475119948,0.8451320529,-1.445323944,2.393651009
86367,-8.672940254,0.470266521,-189.3872375,0.8935700059,-0.4694301188,8.051620483,-1.305753946,2.087196112,-0.002308275318,0.08292146772,6.19246006,0.01862008311,-6.889589787,1.475119948,0.4375186861,-1.465947032,2.463506937
86370,-8.944917679,0.4777908027,-578.5002441,0.8935700059,-0.8591009974,17.63269997,-1.362769961,0.6051399708,-0.002481842414,0.06481977552,5.989990234,0.0176263079,-6.967619896,1.475119948,5.382487774,-1.534062028,2.496313095
86398,-8.656060219,0.4709754586,-313.6672363,0.8935700059,-0.8145270944,13.10151196,-2.444580078,0.8832970262,-0.004068003036,0.08871727437,6.215410233,0.01969509944,-6.887000084,1.475119948,2.971902132,-1.55252099,2.59531498
86414,-8.538160324,0.4730600715,-368.9562378,0.8935700059,-0.6871848702,12.63201714,-5.562419891,0.1581870019,-0.007985147648,0.169917196,6.426710129,0.01951682381,-7.041450024,1.475119948,2.750444889,-1.62323904,2.475615978
86426,-7.593880177,0.4496809542,-966.5322266,0.8935700059,-1.10714066,27.1674881,-3.065521955,0.1581870019,-0.006860651076,0.1122825742,6.42343998,0.01936987415,-6.420330048,1.475119948,8.892383575,-1.28472805,2.528744936
86453,-8.765099525,0.5127620101,-143.3238373,4.342395782,-0.3144596219,6.210038662,-2.620199919,0.3122830093,-0.006508788094,0.1108133495,7.896865845,0.02138690837,-8.842248917,2.076539993,0.03390525281,-1.487874031,2.327610016
89594,-8.937850952,0.4895780087,-480.4082336,1.962553978,-0.7590932846,15.43221092,-3.424590111,0.5943570137,-0.005571633112,0.1098488867,6.72495985,0.01920097321,-7.243569851,1.475119948,4.785322666,-1.482342005,2.376064062
91581,-8.890699387,0.4777158499,-300.4172363,2.211462975,-0.6201314926,11.36933994,-1.90061903,1.899626017,-0.002903461689,0.09324462712,6.363739967,0.01880940795,-6.684860229,1.475119948,1.331218362,-1.238608956,2.586899042
91699,-8.536170006,0.470677644,-329.650238,0.8935700059,-0.9068398476,14.74929523,-1.514507055,6.064916134,0.00122642098,0.1725055873,5.67745018,0.01817364246,-6.953979969,1.475119948,1.842882037,-1.491837978,2.599448919
91739,-8.711870193,0.4931269586,-205.4482727,0.8935700059,-0.468659848,8.874168396,-3.627619982,0.1955150068,-0.007620547898,0.1380701512,5.616069794,0.01816191524,-8.839816093,2.076539993,0.03390525281,-1.493495941,2.327610016
91744,-7.789599895,0.4486301243,-379.5262451,0.8935700059,-0.5602129698,11.31182289,-1.135900021,3.598105907,-0.0008541171555,0.1118071452,6.294380188,0.01931536384,-7.084010124,1.475119948,3.379278183,-1.477113962,2.327610016
91745,-8.611809731,0.4767398536,-200.0416565,0.8935700059,-0.3764882386,8.13186264,-2.092716932,2.236325979,-0.002214972861,0.1056427211,6.006919861,0.01861516945,-7.022329807,1.475119948,1.105189562,-1.555022955,2.34214592
91751,-8.418450356,0.4742519259,-212.6832275,0.8935700059,-0.2510358989,6.006394863,-5.089000225,0.5056909919,-0.00936459098,0.1939711273,5.959320068,0.01860599406,-6.713749886,1.475119948,1.435647964,-1.575312018,2.392708063
91753,-8.474309921,0.4727404118,-496.8492432,1.60562098,-0.7242175341,14.81896114,-3.217745066,0.3653149903,-0.006386408117,0.114559941,6.482170105,0.01959290728,-6.779850006,1.475119948,4.283106327,-1.622979999,2.611495018
91754,-8.615810394,0.485589534,-309.9242249,0.8935700059,-0.365680784,9.04327774,-1.332463026,2.508896112,-0.001932065701,0.09529680759,6.619740009,0.01946556196,-6.984350204,1.475119948,2.558649302,-1.480342984,2.327610016
91757,-8.596409798,0.4948633909,-322.6802368,4.347196102,-0.3157564998,8.977760315,-2.359447956,0.5659530163,-0.00571790617,0.09975990653,7.389249802,0.02169425599,-6.708879948,1.475119948,2.94489646,-1.419648051,2.697524071
91762,-8.624070168,0.4699253142,-395.8252258,0.8935700059,-1.040296316,16.62238121,-1.39001298,1.939139962,-0.0005255399738,0.08042110503,5.558959961,0.01766353473,-6.877089977,1.475119948,3.675430298,-1.573423982,2.404263973
91773,-8.681440353,0.5035108924,-417.5202332,4.022418976,-0.8054571152,15.3770771,-2.79656601,0.4446530044,-0.006800534669,0.1179435253,7.961318016,0.02094930224,-7.029409885,1.475119948,3.184057474,-1.426916957,2.327610016
91774,-8.943466187,0.510324657,-366.603241,2.201425076,-0.4372332394,10.85194111,-5.576029778,0.1581870019,-0.01094668079,0.2112174928,6.196020126,0.0183954481,-7.309160233,1.475119948,3.673189878,-1.624153972,2.327610016
93516,-8.790639877,0.5037032366,-104.9552307,2.581449986,-0.1937116832,4.116275787,-1.721349001,0.5853160024,-0.004973483738,0.0852093026,6.364280224,0.01894133911,-8.842440605,2.076539993,0.03390525281,-1.488708019,2.327610016
104926,-8.665249825,0.4635964632,-423.1472168,1.920820951,-0.5648618937,12.59168053,-2.787925005,0.1603800058,-0.006593660917,0.1066372246,5.940159798,0.0183250457,-6.724860191,1.475119948,3.279572964,-1.54360199,2.381737947
107646,-8.648389816,0.4702327549,-258.3892212,1.467658997,-0.2569960654,7.138122559,-6.447490215,0.1581870019,-0.01179458108,0.2293703556,6.042709827,0.01810936816,-6.837100029,1.475119948,2.005362511,-1.466019034,2.518548012
107720,-8.456529617,0.4617086649,-137.8262329,3.377574921,-0.2093565613,4.518923283,-3.665299892,0.2703480124,-0.008495799266,0.1492352933,6.19012022,0.01899261959,-6.822599888,1.475119948,0.9717124701,-1.488922,2.327610016
107760,-8.711000443,0.4795260727,-257.7374268,0.8935700059,-0.6585924029,11.42586136,-2.602072001,0.2707819939,-0.005407571793,0.09054847807,6.564849854,0.01940439455,-7.11882019,1.475119948,2.090586185,-1.484513044,2.528645992
114994,-8.706259727,0.492447257,-230.7936554,1.236789942,-0.5101659894,9.556099892,-9.762490273,0.1581870019,-0.01874729991,0.3503772914,5.432179928,0.01787032373,-8.844054222,2.076539993,0.03390525281,-1.485638976,2.327610016
153909,-8.859101295,0.4736116529,-534.8292236,1.95096004,-0.7780216336,16.26933098,-2.228383064,1.132573962,-0.004057745915,0.09321183711,6.076779842,0.0182086546,-6.789730072,1.475119948,4.660642147,-1.472795963,2.506409883
158076,-8.907236099,0.4741820395,-208.3368225,3.135010004,-0.4609422088,8.852724075,-1.888268948,0.2706010044,-0.004715692252,0.08107319474,6.558469772,0.01942829974,-7.273220062,1.475119948,0.9457651377,-1.335993052,2.477395058
178795,-8.549429893,0.4897100925,-258.2642212,4.052255154,-0.3437705934,7.855199814,-2.623495102,0.5400149822,-0.005491714459,0.1048845947,8.051163673,0.0214171689,-6.863739967,1.475119948,2.30208087,-1.499807954,2.615479946
188653,-8.836948395,0.5104324222,-340.0162354,1.716223955,-0.6975624561,12.73303604,-1.238718033,1.193804979,-0.002053784439,0.06804034859,6.32159996,0.01838304102,-7.158780098,1.475119948,3.24063015,-1.362069011,2.327610016
213012,-8.398173332,0.4913059473,-460.3742371,4.327814102,-0.7108876109,14.70332813,-2.60581708,0.451225996,-0.005948009435,0.107609652,8.083164215,0.02290598676,-6.916059971,1.475119948,4.005682468,-1.681900024,2.575052977
213021,-8.712309837,0.4741063118,-384.8112183,1.693573952,-0.424613446,10.73903465,-1.256777048,2.736850023,0.0002054086945,0.09096062928,6.173620224,0.01896372065,-6.933269978,1.475119948,3.896206856,-1.521106005,2.530396938
443046,-7.478549957,0.4253365099,-872.8878174,0.8935700059,-2.036349297,36.98999023,-4.425600052,0.1581870019,-0.01009470876,0.1792774796,6.682549953,0.02021225542,-7.070040226,1.475119948,5.376171589,-1.334501982,2.327610016
616765,-8.922860146,0.492787838,-748.2422485,1.199830055,-1.040378571,22.08067322,-1.745970011,0.212492004,-0.005309037399,0.08530215174,6.502230167,0.01867214218,-7.232759953,1.475119948,5.823507309,-1.703277946,2.327610016
3000605,-8.736610413,0.4855289161,-348.4272156,0.8935700059,-0.5998245478,11.10315323,-2.225063086,3.15625596,-0.0001426611125,0.1331910491,6.237520218,0.01880780235,-7.137239933,1.475119948,2.654640436,-1.353006959,2.653126001
3032791,-8.711440086,0.4672155678,-335.5142212,1.889858961,-0.6721613407,13.18545723,-3.539700031,1.474555016,-0.006735356525,0.1500410885,5.569169998,0.01771598868,-7.006159782,1.475119948,3.235818624,-1.402667046,2.492067099
3034285,-8.536669731,0.4602510929,-149.7398224,1.184309959,-0.3567209244,5.840764046,-1.787690997,0.6584299803,-0.004944912624,0.08776287735,6.653800011,0.01881428063,-6.526060104,1.475119948,0.6838915944,-1.480767012,2.484442949
4228010,-8.959259987,0.5090677738,-287.1802368,1.448099971,-0.4776076674,9.544858932,-6.983449936,0.1581870019,-0.01341526024,0.2423018366,6.025420189,0.01746875606,-6.598320007,1.475119948,2.980218887,-1.455834031,2.514242887
5281872,-8.497550011,0.4926367998,-517.0172119,1.448305011,-0.7182068825,15.52008629,-2.366250992,3.517986059,-0.001728841569,0.1248105839,6.438759804,0.016674079,-6.986410141,1.475119948,4.214875221,-1.52354002,2.476026058
5281873,-8.871827126,0.5286256671,-223.4918365,3.660764933,-0.3155043721,8.38578701,-1.461663008,0.533550024,-0.003347194521,0.06807046384,7.444643974,0.0203832835,-8.144374847,1.973554969,0.0332374014,-1.467506051,2.327610016
5281875,-8.715200424,0.4926496148,-514.3752441,3.801151991,-0.6556748748,14.95718765,-2.584372997,1.143759966,-0.005406516604,0.1029820219,7.474232197,0.02093618363,-6.989590168,1.475119948,3.210451365,-1.428998947,2.500294924
5284462,-8.894053459,0.551476419,-128.1358337,4.350580215,-0.1919461042,4.56884861,-3.292185068,0.5625540018,-0.007251926232,0.1354507357,6.898149967,0.02069524489,-8.163834572,1.475119948,0.2019293457,-1.638893962,2.327610016
5361250,-8.600939751,0.4872050285,-236.1334229,0.8935700059,-0.6142980456,10.82917404,-1.876088023,4.078556061,-0.001776020741,0.1332212985,6.42497015,0.01950877532,-6.951660156,1.475119948,1.499306321,-1.496230006,2.46982193
5364079,-8.791139603,0.4786465168,-512.6842041,1.937433004,-0.7121392488,15.37445831,-1.37134099,4.868115902,-3.9929786e-05,0.1462263912,6.414869785,0.01882089674,-7.092269897,1.475119948,5.086456299,-1.465906024,2.367347956
5366286,-8.77507019,0.4854103029,-274.9642334,0.8935700059,-0.7313522696,11.93819237,-2.93048501,1.917745948,-0.004587046802,0.1209342405,5.265349865,0.01694695465,-7.428060055,1.475119948,2.256647825,-1.489308,2.327610016
5371560,-8.674610138,0.476257354,-368.2962341,0.8935700059,-0.9120739698,15.39640427,-2.460402012,0.1941999942,-0.005956951529,0.1012203023,6.22205019,0.01842639223,-7.218939781,1.475119948,3.673905611,-1.541779995,2.353388071
5372405,-8.81564045,0.4842431545,-363.7262268,0.8935700059,-0.6282052994,11.60356998,-1.191105008,1.856436014,-0.001011750894,0.07345819473,6.32930994,0.01912266389,-7.031149864,1.475119948,3.705640554,-1.459202051,2.43520093
5372477,-8.725509644,0.4784398973,-382.4272156,0.8935700059,-0.8058638573,15.07817173,-5.721720219,0.1581870019,-0.01106717251,0.2049052864,6.181769848,0.01882899925,-6.767049789,1.475119948,3.573763847,-1.470607996,2.521212101
5463781,-8.61149025,0.4695241153,-350.0102234,1.937597036,-0.5240644217,11.53608513,-3.625659943,0.3529630005,-0.008704329841,0.1454515904,6.977379799,0.01917001605,-6.919909954,1.475119948,1.926704168,-1.572247982,2.468041897
5485188,-8.584340096,0.4793846011,-500.3402405,0.8935700059,-0.8707036376,16.55252457,-1.97725594,4.61195612,0.001349692349,0.1692930907,6.214859962,0.01801917329,-7.277480125,1.475119948,4.972758293,-1.66423595,2.417908907
5821911,-8.724189758,0.5246732831,-193.6172333,3.386364937,-0.4178670347,8.029374123,-1.322033048,1.160830975,-0.001368189696,0.07206273079,6.86067009,0.01932284795,-7.991326809,1.475119948,0.1840292662,-1.437875032,2.327610016
5842000,-8.901642799,0.4810575247,-376.2452393,1.797592044,-0.6129452586,12.51458645,-1.69075799,0.7210940123,-0.004440565594,0.08254501224,6.159369946,0.01929009333,-6.970900059,1.475119948,2.633007288,-1.533030987,2.444999933
5889665,-7.939209938,0.4492822289,-291.3082275,0.8935700059,-0.7880660892,12.8743639,-4.466350079,1.074964046,-0.007858132012,0.1690821052,5.87635994,0.01846351847,-6.972579956,1.475119948,2.466205597,-1.422374964,2.454391003
6002001,-8.500849724,0.4787647426,-414.9712219,2.018650055,-0.541223526,12.12533951,-2.547359943,0.9496819973,-0.005125821102,0.1045571193,6.8832798,0.01897978783,-7.422379971,1.475119948,3.466134787,-1.420819044,2.400326014
6035169,-8.513810158,0.4835597873,-290.2902222,4.02989912,-0.6248761415,11.35198498,-2.479968071,0.7170619965,-0.004810249899,0.09529715776,7.640068054,0.02008848637,-7.01624012,1.475119948,2.0992558,-1.322211981,2.409320116
6165177,-8.776949883,0.4944682717,-216.2112274,4.050870895,-0.3518994451,7.134702206,-2.759442091,0.1581870019,-0.007037724368,0.1174759865,8.07308197,0.02120000497,-6.94012022,1.475119948,1.854216576,-1.381649017,2.501872063
6386307,-8.695730209,0.4865198731,-648.34021,2.170756102,-0.6942136884,17.99646187,-6.351620197,0.1581870019,-0.0125488257,0.2479860485,5.947740078,0.01874715276,-6.867849827,1.475119948,5.538977146,-1.603839993,2.513349056
6434236,-8.534310341,0.4761456251,-478.6732178,1.42610395,-0.5856590867,13.80625725,-5.042930126,0.7308729887,-0.009309618734,0.1831520796,5.727729797,0.01834519394,-7.203179836,1.475119948,4.399292469,-1.686751008,2.474812031
6435500,-8.765720367,0.480720371,-595.6332397,1.962375998,-0.9903284311,19.74477959,-3.150198936,0.3714889884,-0.006191492546,0.113301903,6.674499989,0.0198695641,-6.706230164,1.475119948,4.946280956,-1.520805955,2.372289896
6440554,-8.492609978,0.4705863893,-531.9092407,0.8935700059,-0.8540744781,17.68198586,-1.630458951,1.259289026,-0.002124618273,0.07545784861,6.267620087,0.01934690028,-7.27989006,1.475119948,5.391666889,-1.634451032,2.430990934
6440557,-8.480899811,0.4671246707,-260.6672363,0.8935700059,-0.7604805827,12.31577587,-2.578037024,1.24672997,-0.004293206614,0.09788736701,6.210269928,0.01906146668,-7.092450142,1.475119948,1.222634077,-1.554756045,2.459383965
6442842,-8.674949646,0.4776685536,-370.1372375,1.388144016,-0.7428326607,12.90334797,-3.127844095,2.431885958,-0.005125158466,0.1286995709,6.416769981,0.01901840232,-7.043469906,1.475119948,2.85104084,-1.676812053,2.349504948
6540498,-8.016830444,0.4516320527,-745.8052368,3.501164913,-1.008847952,22.36491013,-4.974649906,0.1581870019,-0.01019287948,0.1911328137,6.324029922,0.01914807223,-6.911550045,1.475119948,6.702384949,-1.307041049,2.486146927
9570071,-8.589349747,0.4724602699,-305.6376648,1.833850026,-0.5389297605,11.29685497,-2.226120949,2.14737606,-0.003661129856,0.1051647142,6.452390194,0.0191207584,-7.330110073,1.475119948,0.2108761966,-1.479892015,2.429195881
9576037,-8.42016983,0.4944144785,-658.2982178,4.031830788,-0.7005611658,18.56520081,-2.523967981,0.3348129988,-0.005644287448,0.1021582708,7.986933231,0.02103343047,-7.08299017,1.475119948,5.030712128,-1.398216963,2.467184067
9576412,-8.388600349,0.4834873378,-163.8818359,0.8935700059,-0.4349267781,7.205175877,-3.769540071,1.594365954,-0.005659167189,0.1340406686,5.920919895,0.01812404394,-8.836009026,2.076539993,0.03390525281,-1.480234027,2.327610016
9595287,-8.707300186,0.4847223461,-334.9154053,0.8935700059,-0.8508009315,14.21512508,-2.860729933,2.032995939,-0.005089290906,0.1288689375,5.267169952,0.01697993092,-7.440169811,1.475119948,2.255237341,-1.48131299,2.327610016
9601227,-8.798350334,0.4871246219,-464.1472168,0.8935700059,-0.7588571906,14.36332226,-2.007464886,0.660055995,-0.004790151492,0.09069509804,6.202020168,0.01857328601,-7.013420105,1.475119948,3.319065094,-1.359771967,2.327610016
9809914,-8.408880234,0.4665227532,-496.3662415,0.8935700059,-0.7901386619,15.35978985,-1.463464022,1.311980009,-0.002816533903,0.07679425925,6.48059988,0.0191764459,-6.842350006,1.475119948,4.188481331,-1.548748016,2.611815929
9907412,-8.703160286,0.4795696735,-406.9502258,1.350399017,-0.5981118679,12.16260719,-6.564869881,0.1581870019,-0.01445918903,0.2550038695,5.599780083,0.01742741838,-7.108870029,1.475119948,2.849515915,-1.589246988,2.436363935
10342051,-8.647250175,0.4840155244,-313.9882202,0.8935700059,-0.8594077229,13.6513834,-2.119256973,0.4086270034,-0.005510166287,0.09273140877,6.437570095,0.01972131059,-7.193860054,1.475119948,2.323475361,-1.375239015,2.462201118
10938769,-8.415579796,0.5036293864,-85.42735291,4.022531033,-0.1375035793,3.080438852,-2.587843895,0.5224440098,-0.005424981471,0.1010893211,8.01647377,0.02176717483,-8.826871872,2.076539993,0.03390525281,-1.503623009,2.327610016
11150163,-8.863110542,0.4847751856,-498.7722168,1.966423035,-0.8419601917,16.87385178,-5.146130085,0.1581870019,-0.01096216589,0.1998946667,6.269110203,0.01852870174,-7.395289898,1.475119948,4.262561321,-1.253798962,2.381285906
22883840,-8.578249931,0.4739159346,-281.5532227,3.745769024,-0.5122082233,10.5085516,-3.970010042,1.273218989,-0.005863749888,0.1299396753,6.460430145,0.01875182986,-6.700530052,1.475119948,2.37392807,-1.495931983,2.45304203
25137678,-8.463859558,0.4742843509,-120.0822296,0.8935700059,-0.1649359614,3.602941751,-2.11898303,3.555495977,-0.003513716627,0.1331341565,6.13711977,0.01909640618,-7.298299789,1.475119948,0.7368957996,-1.400354028,2.411319017
29934831,-8.565050125,0.4812925756,-529.1712036,1.327919006,-0.5627311468,15.0673151,-4.315219879,0.4675250053,-0.00799197983,0.1516945958,5.844309807,0.01815797016,-7.053359985,1.475119948,4.12287426,-1.554972053,2.522797108
53297383,-8.727472305,0.516744256,-170.625824,1.96006,-0.2602571249,5.657083511,-4.031479836,1.188089013,-0.008687436581,0.1682296544,6.320139885,0.01875795238,-8.054660797,1.475119948,0.2281019241,-1.629508972,2.327610016
56608859,-8.825550079,0.4716128409,-331.1036377,1.696760058,-1.016456008,16.72057915,-3.315792084,1.732375979,-0.004802422132,0.1247787774,6.01609993,0.01767261513,-6.884220123,1.475119948,1.570234776,-1.293473005,2.667567968
71593923,-9.046469688,0.5303747058,-188.6678925,1.775500059,-0.5650725365,9.153756142,-3.46361804,2.034379959,-0.002673495328,0.1216252148,6.351359844,0.01975101419,-8.550860405,2.076539993,0.03390525281,-1.488813996,2.327610016
76318728,-8.660820007,0.4900712073,-166.8428345,0.8935700059,-0.4503393769,7.56384325,-2.159646988,0.1581870019,-0.005519902799,0.0920168981,6.169219971,0.01773317531,-8.842950821,2.076539993,0.03390525281,-1.488163948,2.327610016
86287518,-8.575630188,0.4648726583,-375.5532227,0.973969996,-1.071140528,17.21570587,-4.885220051,0.5380989909,-0.009383901022,0.1792578399,5.12887001,0.01649544947,-7.428369999,1.475119948,2.947789669,-1.653519988,2.499351025
86287519,-8.560540199,0.4728556871,-255.730423,2.139803886,-0.4629476666,8.800866127,-3.630239964,0.4031420052,-0.00592176849,0.1197170615,5.230110168,0.01597171091,-8.844281197,2.076539993,0.03390525281,-1.480999947,2.327610016
86739665,-8.567939758,0.4751559198,-511.7972412,0.8935700059,-0.5024933219,14.04372978,-1.364709973,3.446886063,0.0004900908098,0.1222615093,6.294390202,0.01970261522,-6.450689793,1.475119948,4.834357262,-1.581423998,2.537782907
132247025,-8.041040421,0.444739908,-286.3048401,0.8935700059,-0.7327204943,11.93105888,-2.808073044,0.1581870019,-0.006152635906,0.1031497717,6.175149918,0.01922454871,-6.763790131,1.475119948,2.659037352,-1.499027014,2.518420935
135491728,-8.512149811,0.464547962,-222.506424,1.404042006,-0.6977971196,10.99914551,-6.904089928,0.1581870019,-0.01178816799,0.2301430702,5.431630135,0.01782128029,-6.816969872,1.475119948,2.0508883,-1.361974955,2.465333939
135491830,-8.606189728,0.4774742424,-437.9322205,0.8935700059,-0.7285898924,13.95355892,-1.458299041,2.39900589,-0.001889112173,0.09252859652,6.173449993,0.01931308024,-7.071959972,1.475119948,4.028581619,-1.608618021,2.394496918
135503327,-8.807080269,0.4996229708,-405.696228,1.555994987,-0.5777000189,12.240345,-4.526989937,1.230646014,-0.007180279586,0.161255002,5.711279869,0.01642347872,-7.145750046,1.475119948,3.499476671,-1.408653021,2.48822403
135527764,-8.56882,0.4680736959,-290.867218,3.886756897,-0.3667419851,8.576239586,-2.78630805,0.5686020255,-0.006652719341,0.1167691946,6.602220058,0.01856772602,-7.020040035,1.475119948,2.345502377,-1.511494994,2.500101089
135529435,-8.70650959,0.4753047824,-338.5412292,0.8935700059,-0.5129037499,10.32370377,-3.502870083,1.383108974,-0.005868837703,0.1352704018,6.384439945,0.01958155632,-6.542429924,1.475119948,2.808344126,-1.420948029,2.636287928
135541675,-8.67181015,0.4848611653,-289.7262268,1.792065978,-0.4990347922,9.226284027,-2.724899054,0.255486995,-0.006586601492,0.1147698089,6.342939854,0.01933580264,-7.154139996,1.475119948,2.171526909,-1.61345005,2.455440044
135616187,-8.809120178,0.4906002581,-537.9282227,0.8935700059,-0.8596137762,16.65026855,-1.73111701,2.473066092,-0.002662138315,0.1043717787,6.257500172,0.01851922646,-7.312200069,1.475119948,4.34812212,-1.682579041,2.383769989
135779804,-8.542880058,0.5154534578,-419.347229,4.340995789,-0.3991903961,11.6079216,-2.700860023,0.4652580023,-0.006497070193,0.1139472574,7.869314194,0.0218824707,-7.389689922,1.475119948,4.143886089,-1.419837952,2.327610016
135846942,-8.372920036,0.4565682709,-617.6272583,0.8935700059,-1.096093059,20.13837814,-1.344102979,0.8151329756,-0.003053298453,0.06311267614,6.104519844,0.01941161416,-6.522880077,1.475119948,4.283334255,-1.665068984,2.626195908
136191021,-8.530460358,0.4784305394,-198.7632294,0.8935700059,-0.585560441,9.744672775,-2.151319981,1.604455948,-0.002966832137,0.09064678103,6.168600082,0.01786387339,-7.184500217,1.475119948,0.9419189095,-1.569834948,2.378350019
136257761,-8.797969818,0.4755789936,-254.8588257,2.168811083,-0.6356185079,10.98757172,-1.743131995,1.453534007,-0.003725328948,0.08642798662,6.420909882,0.01874207519,-6.683340073,1.475119948,2.211847544,-1.509186983,2.561124086
136469009,-8.683899879,0.4617577791,-195.9802246,0.8935700059,-0.4710274041,7.78190279,-1.458760023,1.11995995,-0.004320407752,0.07921180129,5.96502018,0.01865697652,-6.720349789,1.475119948,1.783533573,-1.27749598,2.386604071
136737979,-8.992199898,0.5673010349,-44.22903061,4.350580215,-0.08730727434,2.064390659,-4.903960228,0.6193000078,-0.009284077212,0.1932396144,7.090579987,0.02013676241,-8.441631317,1.475119948,0.4644765258,-1.408154011,2.327610016
136912649,-8.83822155,0.4768192768,-156.3572235,2.08319211,-0.4056395888,6.678472519,-3.311800003,0.9884769917,-0.005310625304,0.1102752164,6.090040207,0.01860652305,-6.905580044,1.475119948,1.500726938,-1.568488955,2.525811911
146158032,-8.46475029,0.4600337446,-507.12323,2.907089949,-0.7145313025,15.65655708,-3.921289921,0.1581870019,-0.008937996812,0.1598871797,5.802209854,0.01850334555,-6.643080235,1.475119948,4.082800865,-1.591896057,2.521486998
